Symbol,Name,Last Sale,Net Change,% Change,Market Cap,Country,IPO Year,Volume,Sector,Industry
ACCS,ACCESS Newswire Inc. Common Stock,$6.50,-0.18,-2.695%,25233936.00,United States,,15589,Consumer Discretionary,Publishing
ACU,Acme United Corporation. Common Stock,$47.72,-0.51,-1.057%,181830331.00,United States,1988,31351,Consumer Discretionary,Industrial Machinery/Components
AEF,abrdn Emerging Markets ex-China Fund Inc. Common Stock,$9.60,0.10,1.053%,1030680000.00,United States,,239995,Finance,Finance/Investors Services
AEON,AEON Biopharma Inc. Class A Common Stock,$0.7193,-0.0203,-2.745%,18922777.00,United States,,20648,Health Care,Biotechnology: Pharmaceutical Preparations
AGIG,Abundia Global Impact Group Inc. Common stock,$0.9828,0.0169,1.75%,43265628.00,United States,,81353,Energy,Oil & Gas Production
AIB,AIB Data Centers Inc. Common Stock,$2.12,0.02,0.952%,79809802.00,,2026,1943529,Finance,Investment Bankers/Brokers/Service
AIM,AIM ImmunoTech Inc. Common Stock,$0.284,-0.0122,-4.119%,7873686.00,,,1108575,Health Care,Biotechnology: Biological Products (No Diagnostic Substances)
AIRI,Air Industries Group Common Stock,$3.02,0.00,0.00%,14648987.00,United States,,11652,Industrials,Military/Government/Technical
AMBO,Ambow Education Holding Ltd. American Depository Shares (each representing twenty (20) Class A Ordinary Shares),$2.27,-0.02,-0.873%,6492931.00,China,,16036,Real Estate,Other Consumer Services
AMS,American Shared Hospital Services Common Stock,$1.58,-0.05,-3.067%,10467500.00,United States,1988,99741,Health Care,Medical Specialities
AMZE,Amaze Holdings Inc. Common Stock,$0.1274,-0.0026,-2.00%,5743251.00,,2021,4400572,Consumer Staples,Beverages (Production/Distribution)
APT,Alpha Pro Tech Ltd. Common Stock,$5.62,0.07,1.261%,57419158.00,Canada,2000,35366,Health Care,Industrial Specialties
APUS,Apimeds Pharmaceuticals US Inc. Common Stock,$0.90,-0.025,-2.703%,13582059.00,,2025,384781,Health Care,Biotechnology: Pharmaceutical Preparations
AREN,The Arena Group Holdings Inc. Common Stock,$0.83,-0.055,-6.215%,39510316.00,United States,2022,133874,Technology,EDP Services
ARMP,Armata Pharmaceuticals Inc. Common Stock,$6.48,0.02,0.31%,237886049.00,United States,,73662,Health Care,Biotechnology: Biological Products (No Diagnostic Substances)
ASM,Avino Silver & Gold Mines Ltd. Common Shares (Canada),$6.34,0.07,1.116%,1079073135.00,Canada,,2838815,Basic Materials,Metal Mining
ATCH,AtlasClear Holdings Inc. Common Stock,$0.1968,-0.008,-3.906%,29586474.00,,2024,1127200,Finance,Finance: Consumer Services
ATNM,Actinium Pharmaceuticals Inc. (Delaware) Common Stock,$0.98,-0.01,-1.01%,30747491.00,United States,,143989,Health Care,Biotechnology: Pharmaceutical Preparations
AUST,Austin Gold Corp. Common Shares,$1.11,0.03,2.778%,15199231.00,,2022,42110,Basic Materials,Precious Metals
AWX,Avalon Holdings Corporation Common Stock,$2.49,0.03,1.22%,9709583.00,United States,1998,3863,Utilities,Environmental Services
AXIL,AXIL Brands Inc. Common Stock,$6.70,0.28,4.361%,45678704.00,,2024,17944,Consumer Discretionary,Package Goods/Cosmetics
AZTR,Azitra Inc Common Stock,$0.1678,-0.0092,-5.198%,2717091.00,,2023,1756401,Health Care,Biotechnology: Pharmaceutical Preparations
AZUL,Azul S.A. American Depositary Shares each representing two (2) Common Shares,$8.99,-0.17,-1.856%,3291136388.00,,,33005,Consumer Discretionary,Air Freight/Delivery Services
BATL,Battalion Oil Corporation Common Stock,$1.31,-0.11,-7.746%,28844692.00,United States,,4110923,Energy,Oil & Gas Production
BCHT,Birchtech Corp. Common Stock,$2.05,0.00,0.00%,53927230.00,,2026,246730,Industrials,Industrial Machinery/Components
BCV,Bancroft Fund Ltd.,$25.99,0.34,1.326%,0.00,United States,1972,6174,Finance,Finance/Investors Services
BCV^A,Bancroft Fund Limited 5.375% Series A Cumulative Preferred Shares,$20.82,-0.0584,-0.28%,,United States,,716,,
BDL,Flanigan's Enterprises Inc. Common Stock,$44.84,-2.13,-4.535%,83341731.00,United States,1972,11732,Consumer Discretionary,Restaurants
BESS,Bimergen Energy Corporation Common Stock,$4.07,0.20,5.168%,28887122.00,,2026,176999,Utilities,Electric Utilities: Central
BGI,Birks Group Inc. Common Stock,$0.564,0.0039,0.696%,11051403.00,Canada,,24901,Consumer Discretionary,Consumer Specialties
BHB,Bar Harbor Bankshares Inc. Common Stock,$37.76,-0.59,-1.538%,632181847.00,United States,1997,109783,Finance,Major Banks
BHM,Bluerock Homes Trust Inc. Class A Common Stock,$9.00,-0.24,-2.597%,120077685.00,,2022,3858,Real Estate,Real Estate Investment Trusts
BKTI,BK Technologies Corporation Common Stock,$85.98,0.99,1.165%,321926144.00,United States,,22272,Technology,Radio And Television Broadcasting And Communications Equipment
BQ,Boqii Holding Limited Class A Ordinary Shares,$0.82,0.0394,5.047%,4001283.00,,2025,56477,Consumer Discretionary,Other Specialty Stores
BRBS,Blue Ridge Bankshares Inc. Common Stock,$3.53,-0.03,-0.843%,317388340.00,United States,,160278,Finance,Major Banks
BRIA,BrilliA Inc Class A Ordinary Shares,$1.4687,-0.0013,-0.088%,44978938.00,,2024,4982,Consumer Discretionary,Apparel
BRN,Barnwell Industries Inc. Common Stock,$1.01,-0.02,-1.942%,14539516.00,United States,1965,15427,Energy,Oil & Gas Production
BTG,B2Gold Corp Common shares (Canada),$3.74,-0.05,-1.319%,4988440319.00,Canada,,24155222,Basic Materials,Precious Metals
BUDA,Buda Juice Inc. Common Stock,$8.51,-0.52,-5.759%,106942328.00,,2026,12384,Consumer Staples,Beverages (Production/Distribution)
BURU,Nuburu Inc. Common Stock,$0.1281,-0.0109,-7.842%,22932542.00,United States,,18734033,Miscellaneous,Industrial Machinery/Components
CANF,Can-Fite Biopharma Ltd American Depositary Shares each representing two (2) Ordinary Shares,$2.97,0.05,1.712%,6363365.00,Israel,,105866,Health Care,Biotechnology: Pharmaceutical Preparations
CATX,Perspective Therapeutics Inc. Common Stock,$3.41,-0.14,-3.944%,388897532.00,United States,,2180495,Health Care,Medical/Dental Instruments
CCEL,Cryo-Cell International Inc. Common Stock,$3.19,-0.13,-3.916%,25695929.00,United States,2022,14287,Health Care,Misc Health and Biotechnology Services
CET,Central Securities Corporation Common Stock,$52.45,0.32,0.614%,12694221740.00,United States,1951,24290,Finance,Finance/Investors Services
CEV,Eaton Vance California Municipal Income Trust Shares of Beneficial Interest,$10.52,0.02,0.19%,73993209.00,United States,1999,30438,Finance,Finance/Investors Services
CHOW,ChowChow Cloud International Holdings Limited Ordinary Shares,$0.3846,-0.0122,-3.075%,13649454.00,,2025,130318,Technology,Computer Software: Prepackaged Software
CIK,Credit Suisse Asset Management Income Fund Inc. Common Stock,$2.48,0.02,0.813%,0.00,United States,,597186,Finance,Finance/Investors Services
CITR,CitroTech Inc. Common Stock,$5.52,0.08,1.471%,123412914.00,,,26082,Industrials,Environmental Services
CIX,CompX International Inc. Common Stock,$24.90,-1.39,-5.287%,306844119.00,United States,1998,4588,Consumer Discretionary,Industrial Machinery/Components
CKX,CKX Lands Inc. Common Stock,$10.81,-0.1901,-1.728%,22194324.00,United States,2003,2942,Energy,Oil & Gas Production
CLDI,Calidi Biotherapeutics Inc. Common Stock,$0.17,0.0089,5.525%,3282976.00,,2021,4953691,Health Care,Biotechnology: Biological Products (No Diagnostic Substances)
CLM,Cornerstone Strategic Investment Fund Inc. Common Shares,$7.56,0.11,1.477%,0.00,United States,2003,2000046,Finance,Finance/Investors Services
CMCL,Caledonia Mining Corporation Plc Common Shares,$19.10,-0.33,-1.698%,368878835.00,Canada,,113312,Basic Materials,Precious Metals
CMT,Core Molding Technologies Inc Common Stock,$23.60,0.15,0.64%,210033604.00,United States,1996,18247,Industrials,Plastic Products
CNL,Collective Mining Ltd. Common Shares,$12.25,-0.28,-2.235%,1136058961.00,,2024,64078,,
COE,51Talk Online Education Group American depositary shares each representing 60 Class A ordinary shares,$15.95,0.90,5.98%,95816674.00,China,2016,25606,Real Estate,Other Consumer Services
COHN,Cohen & Company Inc.,$13.58,0.48,3.664%,34094695.00,United States,,8802,Finance,Investment Bankers/Brokers/Service
CPHI,China Pharma Holdings Inc. Common Stock,$0.6601,0.0331,5.279%,26748574.00,China,,54101,Health Care,Biotechnology: Pharmaceutical Preparations
CRF,Cornerstone Total Return Fund Inc. (The) Common Stock,$7.18,0.04,0.56%,0.00,United States,2003,2043042,Finance,Finance/Investors Services
CTGO,Contango Silver & Gold Inc. Common Stock,$15.79,0.12,0.766%,485877422.00,United States,2021,364530,Basic Materials,Precious Metals
CTM,Castellum Inc. Common Stock,$0.7199,-0.0032,-0.443%,68173766.00,,2022,1497200,Consumer Discretionary,Professional Services
CVM,Cel-Sci Corporation Common Stock,$1.04,-0.04,-3.704%,15576230.00,United States,1997,241287,Health Care,Biotechnology: Biological Products (No Diagnostic Substances)
CVR,Chicago Rivet & Machine Co. Common Stock,$10.405,0.095,0.921%,10052603.00,United States,1930,593,Industrials,Industrial Machinery/Components
CVU,CPI Aerostructures Inc. Common Stock,$5.19,-0.11,-2.075%,68558182.00,United States,2022,22519,Industrials,Military/Government/Technical
DC,Dakota Gold Corp. Common Stock,$4.26,0.00,0.00%,570533693.00,United States,2022,1136855,Basic Materials,Metal Mining
DDC,DDC Enterprise Limited Class A Ordinary Shares,$0.9299,-0.003,-0.322%,42799088.00,,2023,71762,Consumer Staples,Packaged Foods
DHY,Credit Suisse High Yield Credit Fund Common Stock,$1.78,0.03,1.714%,0.00,United States,1998,1341607,Finance,Finance/Investors Services
DIT,AMCON Distributing Company Common Stock,$72.79,0.00,0.00%,71045078.00,United States,1999,62,Consumer Discretionary,Food Distributors
DNN,Denison Mines Corp Ordinary Shares (Canada),$3.06,-0.06,-1.923%,2769351904.00,Canada,,20362994,Basic Materials,Other Metals and Minerals
DSS,DSS Inc. Common Stock,$0.59,0.013,2.253%,5925086.00,United States,,30596,Consumer Discretionary,Containers/Packaging
DXF,Eason Technology Limited American Depositary Shares (each representing sixty-thousand (60000) Ordinary Shares),$0.3659,-0.0121,-3.201%,1184036.00,,,10733913,Finance,Finance: Consumer Services
EAD,Allspring Income Opportunities Fund Common Shares,$6.50,0.03,0.464%,0.00,United States,2003,441140,Finance,Finance/Investors Services
ECF,Ellsworth Growth and Income Fund Ltd.,$13.21,0.14,1.071%,0.00,United States,1986,16823,Finance,Finance/Investors Services
ECF^A,Ellsworth Growth and Income Fund Ltd. 5.25% Series A Cumulative Preferred Shares (Liquidation Preference $25.00 per share),$20.7555,0.2255,1.098%,,United States,,600,,
EIM,Eaton Vance Municipal Bond Fund Common Shares of Beneficial Interest $.01 par value,$9.96,0.00,0.00%,0.00,United States,2002,170261,Finance,Finance/Investors Services
ELA,Envela Corporation Common Stock,$28.88,0.26,0.908%,749825187.00,United States,,214005,Consumer Discretionary,Consumer Specialties
ELLO,Ellomay Capital Ltd Ordinary Shares (Israel),$18.50,0.00,0.00%,254989755.00,Israel,,458,Utilities,Electric Utilities: Central
ELMD,Electromed Inc. Common Stock,$42.30,0.07,0.166%,350246707.00,United States,2011,160471,Health Care,Biotechnology: Electromedical & Electrotherapeutic Apparatus
EONR,EON Resources Inc. Class A Common Stock,$0.4415,-0.0237,-5.095%,22061024.00,,2022,795157,Energy,Oil & Gas Production
EP,Empire Petroleum Corporation Common Stock,$2.68,-0.01,-0.372%,106643107.00,United States,2022,74348,Energy,Oil & Gas Production
EPM,Evolution Petroleum Corporation Inc. Common Stock,$3.68,-0.04,-1.075%,132011628.00,United States,,426718,Energy,Oil & Gas Production
EQX,Equinox Gold Corp. Common Shares,$9.72,-0.01,-0.103%,7670111622.00,Canada,,11343616,Basic Materials,Precious Metals
ERC,Allspring Multi-Sector Income Fund Common Stock,$9.21,0.04,0.436%,0.00,United States,2003,71811,Finance,Finance/Investors Services
ERH,Allspring Utilities and High Income Fund Common Shares,$12.09,0.01,0.083%,0.00,,2004,39886,Finance,Finance/Investors Services
ESP,Espey Mfg. & Electronics Corp. Common Stock,$67.35,0.87,1.309%,201775347.00,United States,1960,29168,Technology,Industrial Machinery/Components
EVI,EVI Industries Inc.  Common Stock,$14.78,-0.04,-0.27%,190205490.00,United States,1999,163631,Consumer Discretionary,Other Consumer Services
EVV,Eaton Vance Limited Duration Income Fund Common Shares of Beneficial Interest,$9.37,0.03,0.321%,0.00,United States,2003,441519,Finance,Finance/Investors Services
EXOD,Exodus Movement Inc. Class A Common Stock,$5.17,-0.09,-1.711%,155166119.00,United States,,30109,Finance,Finance: Consumer Services
FAX,abrdn Asia-Pacific Income Fund Inc. Common Stock,$14.71,0.07,0.478%,0.00,United States,1986,235368,Finance,Investment Managers
FJET,Starfighters Space Inc. Common Stock,$5.32,-0.31,-5.506%,264012187.00,United States,2025,1462329,Consumer Discretionary,Air Freight/Delivery Services
FLYX,flyExclusive Inc. Class A Common Stock,$2.00,0.02,1.01%,192068600.00,,2023,447955,Consumer Discretionary,Transportation Services
FSI,Flexible Solutions International Inc. Common Stock (CDA),$6.66,-0.15,-2.203%,84831737.00,Canada,2002,2474,Industrials,Major Chemicals
FSP,Franklin Street Properties Corp. Common Stock,$0.515,-0.017,-3.195%,53400525.00,United States,,823932,Real Estate,Real Estate Investment Trusts
FTF,Franklin Limited Duration Income Trust Common Shares of Beneficial Interest,$5.79,0.01,0.173%,233947115.00,United States,2003,366311,Finance,Finance/Investors Services
FURY,Fury Gold Mines Limited Common Shares,$0.5399,-0.02,-3.572%,102652372.00,,2020,52290,Basic Materials,Precious Metals
GAU,Galiano Gold Inc.,$1.87,0.00,0.00%,488469739.00,Canada,,1813927,Industrials,Mining & Quarrying of Nonmetallic Minerals (No Fuels)
GBR,New Concept Energy Inc Common Stock,$0.6911,-0.0089,-1.271%,3546680.00,United States,1993,22085,Energy,Oil & Gas Production
GCDT,Green Circle Decarbonize Technology Limited Ordinary Shares,$0.569,0.0438,8.34%,7112500.00,,2026,246611,Industrials,Industrial Machinery/Components
GENC,Gencor Industries Inc. Common Stock,$14.92,-0.13,-0.864%,218692914.00,United States,,16002,Industrials,Construction/Ag Equipment/Trucks
GGN,GAMCO Global Gold Natural Resources & Income Trust,$4.84,0.03,0.624%,0.00,United States,2005,601068,Finance,Finance/Investors Services
GGN^B,GAMCO Global Gold Natural Reources & Income Trust 5.00% Series B Cumulative 25.00 Liquidation Preference,$19.65,-0.20,-1.008%,,United States,,3262,,
GLDG,GoldMining Inc. Common Shares,$0.907,-0.003,-0.33%,194097924.00,,,258320,Basic Materials,Precious Metals
GLO,Clough Global Opportunities Fund Common Stock,$6.12,0.05,0.824%,0.00,United States,2006,257671,Finance,Finance/Investors Services
GLQ,Clough Global Equity Fund Clough Global Equity Fund Common Shares of Beneficial Interest,$8.62,0.06,0.701%,0.00,United States,2005,199753,Finance,Finance/Investors Services
GLU,Gabelli Global Utility Common Shares of Beneficial Ownership,$19.2026,0.1426,0.748%,114618610.00,United States,2004,6359,Finance,Finance/Investors Services
GLU^A,The Gabelli Global Utility and Income Trust Series A Cumulative Puttable and Callable Preferred Shares,$84.00,11.89,16.489%,,United States,,2018,,
GLV,Clough Global Dividend and Income Fund Common Shares of beneficial interest,$6.64,0.11,1.685%,84391631.00,United States,2004,70950,Finance,Finance/Investors Services
GMTL,Guardian Metal Resources PLC ADS,$14.01,-0.06,-0.426%,543610360.00,,2026,401071,Basic Materials,Metal Mining
GNS,Genius Group Limited Ordinary Shares,$0.187,-0.0014,-0.743%,36404822.00,Singapore,2022,4274961,Consumer Discretionary,Services-Misc. Amusement & Recreation
GORO,Gold Resource Corporation Common Stock,$1.26,-0.06,-4.545%,203972465.00,United States,,1356292,Basic Materials,Precious Metals
GPUS,Hyperscale Data Inc. Common Stock,$0.1407,-0.019,-11.897%,48934424.00,United States,1997,112235505,Technology,Industrial Machinery/Components
GPUS^D,Hyperscale Data Inc. 13.00% Series D Cumulative Redeemable Perpetual Preferred Stock,$19.50,0.4879,2.566%,,United States,,742,,
GRAF,Graf Global Corp. Class A ordinary shares,$10.85,-0.05,-0.459%,0.00,,2024,4599,,
GRF,Eagle Capital Growth Fund Inc. Common Stock,$10.19,-0.005,-0.049%,0.00,United States,,701,Finance,Finance/Investors Services
GRO,Brazil Potash Corp. Common Shares,$2.15,-0.05,-2.273%,131784067.00,,2024,319477,Industrials,Mining & Quarrying of Nonmetallic Minerals (No Fuels)
GROY,Gold Royalty Corp. Common Shares,$2.76,0.01,0.364%,702260903.00,Canada,2021,1210717,Basic Materials,Precious Metals
GTE,Gran Tierra Energy Inc. Common Stock,$6.25,0.04,0.644%,220617338.00,Canada,,190840,Energy,Oil & Gas Production
HCWC,Healthy Choice Wellness Corp. Class A Common Stock,$0.194,0.006,3.191%,5150806.00,,2024,368668,Consumer Staples,Food Chains
HSLV,Highlander Silver Corp. Common Shares,$4.66,-0.11,-2.306%,947953128.00,,,298768,,
HYLN,Hyliion Holdings Corp. Class A Common Stock,$5.21,0.42,8.768%,929084920.00,United States,2019,5827041,Consumer Discretionary,Construction/Ag Equipment/Trucks
IAF,abrdn Australia Equity Fund Inc. Common Stock,$12.38,0.10,0.814%,0.00,United States,1985,13334,Finance,Finance/Investors Services
IAUX,i-80 Gold Corp. Common Shares,$1.44,0.00,0.00%,1241353650.00,Canada,2022,10286970,Basic Materials,Precious Metals
IBO,Impact BioMedical Inc. Common Stock,$0.46,-0.0433,-8.603%,49597766.00,,2024,147561,Health Care,Biotechnology: Pharmaceutical Preparations
IDR,Idaho Strategic Resources Inc. Common Stock,$32.75,-0.11,-0.335%,517772882.00,United States,2022,201816,Basic Materials,Precious Metals
IE,Ivanhoe Electric Inc. Common Stock,$9.61,0.24,2.561%,1521182209.00,Canada,2022,2282360,Basic Materials,Metal Mining
IGC,IGC Pharma Inc. Common Stock,$0.272,0.001,0.369%,26062502.00,United States,,258498,Health Care,Biotechnology: Pharmaceutical Preparations
IHT,InnSuites Hospitality Trust Shares of Beneficial Interest,$1.70,-0.15,-8.108%,15984818.00,United States,1999,57716,Finance,Investment Bankers/Brokers/Service
IMO,Imperial Oil Limited Common Stock,$112.02,-1.23,-1.086%,54172087860.00,Canada,1929,405758,Energy,Integrated oil Companies
INDO,Indonesia Energy Corporation Limited Ordinary Shares,$2.74,-0.06,-2.143%,42159942.00,,2019,312437,Energy,Oil & Gas Production
INFU,InfuSystems Holdings Inc. Common Stock,$9.65,-0.23,-2.328%,194753434.00,United States,,201303,Health Care,Medical/Dental Instruments
INLX,Intellinetics Inc. Common Stock,$5.50,-0.50,-8.333%,24722467.00,,2022,1197,Technology,Computer Software: Prepackaged Software
INTT,inTest Corporation Common Stock,$18.17,1.18,6.945%,228299818.00,United States,1997,148153,Industrials,Electrical Products
INUV,Inuvo Inc.,$1.26,-0.10,-7.353%,18674331.00,United States,,124712,Consumer Discretionary,Advertising
IOR,Income Opportunity Realty Investors Inc. Common Stock,$18.44,0.00,0.00%,74980322.00,United States,1987,293,Real Estate,Real Estate Investment Trusts
ISOU,IsoEnergy Ltd. Common Shares,$9.97,-0.11,-1.091%,604470452.00,,2025,85203,,
ITP,IT Tech Packaging Inc. Common Stock,$0.185,-0.0021,-1.122%,3138603.00,China,,330199,Consumer Discretionary,Containers/Packaging
ITRG,Integra Resources Corp. Common Shares,$2.27,0.05,2.252%,459111270.00,,,2710458,Basic Materials,Precious Metals
JAGU,Jaguar Uranium Corp. Class A Common Shares,$1.67,-0.06,-3.468%,33723608.00,,2026,84776,,
JOB,GEE Group Inc. Common Stock,$0.21,0.0031,1.498%,23072844.00,United States,1968,304795,Consumer Discretionary,Diversified Commercial Services
KAPA,Kairos Pharma Ltd. Common Stock,$0.3837,0.0267,7.479%,8215477.00,,2024,111513,Health Care,Biotechnology: Pharmaceutical Preparations
KNRX,KNOREX LTD. Class A Ordinary Shares,$0.483,0.0089,1.877%,14694364.00,,2025,28557,Technology,Computer Software: Programming Data Processing
KULR,KULR Technology Group Inc. Common Stock,$3.81,-0.18,-4.511%,176239799.00,United States,,2010134,Technology,Electrical Products
LCTX,Lineage Cell Therapeutics Inc. Common Stock,$1.31,-0.04,-2.963%,326580766.00,United States,,865803,Health Care,Biotechnology: Biological Products (No Diagnostic Substances)
LEGO,Legato Merger Corp. IV Ordinary Shares,$9.92,0.00,0.00%,300645797.00,,2026,31968,Industrials,Steel/Iron Ore
LGCY,Legacy Education Inc. Common Stock,$11.76,-0.20,-1.672%,148787967.00,,2024,44150,Real Estate,Other Consumer Services
LGL,LGL Group Inc. (The) Common Stock,$6.91,-0.07,-1.003%,45263506.00,United States,1946,12332,Technology,Industrial Machinery/Components
LGPS,LogProstyle Inc. Common Shares,$0.6902,-0.0381,-5.231%,16324686.00,,2025,27553911,Consumer Discretionary,Homebuilding
LODE,Comstock Inc. Common Stock,$4.16,-0.06,-1.422%,315798429.00,United States,,1139381,Industrials,Major Chemicals
LPA,Logistic Properties of the Americas Ordinary Shares,$3.36,-0.09,-2.609%,106235858.00,,2024,61274,Finance,Real Estate
LSF,Laird Superfood Inc. Common Stock,$4.70,-0.29,-5.812%,51720436.00,,2020,67668,Consumer Staples,Packaged Foods
LUD,Luda Technology Group Limited Ordinary Shares,$4.44,0.06,1.37%,100743600.00,,2025,13780,Industrials,Steel/Iron Ore
LXFR,Luxfer Holdings PLC Ordinary Shares,$18.04,-0.16,-0.879%,491349653.00,United Kingdom,2012,112280,Basic Materials,Major Chemicals
MAIA,MAIA Biotechnology Inc. Common Stock,$1.44,-0.04,-2.703%,87553092.00,,2022,617416,Health Care,Biotechnology: Pharmaceutical Preparations
MCRP,Micropolis AI Robotics Ordinary Shares,$1.83,0.17,10.241%,63845858.00,,2025,204814,Consumer Discretionary,Auto Parts:O.E.M.
MGLD,The Marygold Companies Inc. Common Stock,$1.19,-0.01,-0.833%,50945342.00,,2022,8655,Finance,Finance: Consumer Services
MHH,Mastech Digital Inc Common Stock,$7.73,-0.14,-1.779%,92745978.00,United States,,10560,Consumer Discretionary,Professional Services
MI,NFT Limited Class A Ordinary Share,$10.255,-0.695,-6.347%,2368761.00,,2023,10781,Consumer Discretionary,Other Specialty Stores
MINE,Mayfair Gold Corp. Common Shares,$2.455,0.065,2.72%,164682618.00,,2026,18399,Energy,Oil & Gas Production
MITQ,Moving iMage Technologies Inc. Common Stock,$0.58,0.011,1.933%,5765822.00,United States,2021,15202,Consumer Discretionary,Industrial Machinery/Components
MLSS,Milestone Scientific Inc. Common Stock,$0.321,0.0007,0.219%,28392261.00,United States,2015,48152,Health Care,Industrial Specialties
MMA,Mixed Martial Arts Group Limited Ordinary Shares,$0.516,-0.0002,-0.039%,13665507.00,,2024,122225,Consumer Discretionary,Other Consumer Services
MPTI,M-tron Industries Inc. Common Stock,$99.15,0.09,0.091%,428471073.00,United States,2022,140758,Technology,Industrial Machinery/Components
MPU,Mega Matrix Inc. Class A Ordinary Shares,$0.295,-0.0189,-6.021%,20057107.00,United States,1998,175980,Consumer Discretionary,Diversified Commercial Services
MRT,Marti Technologies Inc. Class A Ordinary Shares,$1.31,0.00,0.00%,112715971.00,,2021,364622,Consumer Discretionary,Rental/Leasing Companies
MSN,Emerson Radio Corporation Common Stock,$0.3565,-0.0122,-3.309%,7501705.00,United States,1994,124302,Consumer Staples,Consumer Electronics/Appliances
MTA,Metalla Royalty & Streaming Ltd. Common Shares,$7.61,0.08,1.062%,711099419.00,,,449036,Basic Materials,Precious Metals
MTNB,Matinas Biopharma Holdings Inc. Common Stock,$0.612,-0.052,-7.831%,3920589.00,United States,2017,39876,Health Care,Biotechnology: Pharmaceutical Preparations
MWG,Multi Ways Holdings Limited Class A Ordinary Shares,$1.35,0.00,0.00%,6941732.00,,2023,5498,Consumer Discretionary,Miscellaneous manufacturing industries
MXC,Mexco Energy Corporation Common Stock,$7.4787,0.1687,2.308%,15301420.00,United States,2003,2579,Energy,Oil & Gas Production
MYND,Mynd.ai Inc. American Depositary Shares,$0.383,0.008,2.133%,18056384.00,,2017,28205,Real Estate,Other Consumer Services
MYO,Myomo Inc. Common Stock,$1.04,-0.07,-6.306%,40184230.00,United States,2017,1161127,Health Care,Industrial Specialties
NAK,Northern Dynasty Minerals Ltd. Common Stock,$1.92,-0.08,-4.00%,1075797431.00,Canada,,12854557,Basic Materials,Precious Metals
NBH,Neuberger Municipal Fund Inc. Common Stock,$10.55,-0.08,-0.753%,0.00,United States,2002,154531,Finance,Finance/Investors Services
NEN,New England Realty Associates Limited Partnership Class A Depositary Receipts Evidencing Units of Limited Partnership,$58.69,1.802,3.168%,163669566.00,United States,,967,Real Estate,Building operators
NEWP,New Pacific Metals Corp. Common Shares,$4.02,-0.05,-1.229%,743980817.00,Canada,2021,415274,Basic Materials,Precious Metals
NFGC,New Found Gold Corp Common Shares,$1.54,0.02,1.316%,591487125.00,,2021,1233711,Basic Materials,Precious Metals
NG,Novagold Resources Inc.,$5.97,-0.04,-0.666%,2619520266.00,Canada,2003,3916888,Basic Materials,Precious Metals
NHC,National HealthCare Corporation Common Stock,$211.36,5.03,2.438%,3301367322.00,United States,1986,126344,Health Care,Hospital/Nursing Management
NHS,Neuberger High Yield Strategies Fund Inc. Common Stock,$6.24,0.06,0.971%,0.00,United States,,374127,Finance,Trusts Except Educational Religious and Charitable
NINE,Nine Energy Service Inc. Common Stock,$13.01,0.09,0.697%,181489370.00,,2026,157166,Energy,Oilfield Services/Equipment
NML,Neuberger Energy Infrastructure and Income Fund Inc. Common Stock,$10.14,0.19,1.91%,0.00,United States,2013,147433,Finance,Finance/Investors Services
NNVC,NanoViricides Inc. Common Stock,$1.38,0.01,0.73%,31716286.00,United States,,312380,Health Care,Biotechnology: Pharmaceutical Preparations
NRO,Neuberger Real Estate Securities Income Fund Inc. Common Stock,$3.03,-0.01,-0.329%,0.00,United States,2003,605114,Finance,Finance/Investors Services
NRXS,Neuraxis Inc. Common Stock,$7.31,0.17,2.381%,90530001.00,,2023,234439,Health Care,Biotechnology: Electromedical & Electrotherapeutic Apparatus
NSRX,Nasus Pharma Ltd. Ordinary Shares,$3.50,0.05,1.449%,40987828.00,,2025,9672,Health Care,Biotechnology: Pharmaceutical Preparations
NTIP,Network-1 Technologies Inc. Common Stock,$1.47,-0.02,-1.342%,33610952.00,United States,,20638,Miscellaneous,Multi-Sector Companies
NVA,Nova Minerals Corp Common Stock,$4.72,0.37,8.506%,177404428.00,,2026,386022,Basic Materials,Precious Metals
NXB,NextBoat Inc. Common Stcok,$2.30,-0.20,-8.00%,56016500.00,,2025,35158,Industrials,Marine Transportation
OBE,Obsidian Energy Ltd. Common Shares,$8.13,-0.10,-1.215%,549358222.00,Canada,2022,596166,Energy,Oil & Gas Production
OGEN,Oragenics Inc. Common Stock,$0.5806,-0.0094,-1.593%,2619642.00,United States,,48533,Health Care,Biotechnology: Pharmaceutical Preparations
OPHC,OptimumBank Holdings Inc. Common Stock,$5.84,-0.01,-0.171%,71647240.00,United States,,27424,Finance,Major Banks
OPTT,Ocean Power Technologies Inc. Common Stock,$0.262,-0.003,-1.132%,60303708.00,United States,2007,2266112,Utilities,Electric Utilities: Central
ORLA,Orla Mining Ltd. Common Shares,$9.79,0.06,0.617%,3387261651.00,,2020,2897307,Basic Materials,Precious Metals
OSTX,OS Therapies Incorporated Common Stock,$1.90,-0.34,-15.179%,84622401.00,,2024,1968836,Health Care,Biotechnology: Pharmaceutical Preparations
OZ,Belpointe PREP LLC Class A Units,$45.29,0.80,1.798%,181074130.00,,,4270,Real Estate,Real Estate Investment Trusts
PAPL,Pineapple Financial Inc. Common Stock,$1.01,-0.01,-0.98%,26349538.00,,,51088,Finance,Finance: Consumer Services
PCG^A,Pacific Gas & Electric Co. 6% Preferred Stock,$21.84,-0.13,-0.592%,,United States,,33036,,
PCG^B,Pacific Gas & Electric Co. 5 1/2% Preferred Stock,$20.25,-0.1151,-0.565%,,United States,,2331,,
PCG^C,Pacific Gas & Electric Co. 5% 1st Preferred Stock,$18.60,-0.10,-0.535%,,United States,,977,,
PCG^D,Pacific Gas & Electric Co. 5% 1st  Red. Preferred Stock,$18.55,0.15,0.815%,,United States,,7203,,
PCG^E,Pacific Gas & Electric Co. 5% 1st A Preferred Stock,$18.20,-0.10,-0.546%,,United States,,2860,,
PCG^G,Pacific Gas & Electric Co. 4.80% 1st Preferred Stock,$18.2599,0.00,0.00%,,United States,,7,,
PCG^H,Pacific Gas & Electric Co. 4.50% 1st Preferred Stock,$17.00,-0.03,-0.176%,,United States,,105,,
PCG^I,Pacific Gas & Electric Co. 4.36% 1st Preferred Stock,$16.99,0.00,0.00%,,United States,,28,,
PED,Pedevco Corp. Common Stock,$13.46,-1.53,-10.207%,179036884.00,United States,,133509,Energy,Oil & Gas Production
PHGE,BiomX Inc. COmmon Stock,$0.3478,-0.0112,-3.12%,4103153.00,,2019,1271456,Health Care,Biotechnology: Biological Products (No Diagnostic Substances)
PHXE^,Phoenix Energy One LLC Series A Cumulative Redeemable Preferred Shares,$25.22,0.12,0.478%,,,,10235,,
PLAG,Planet Green Holdings Corp. Common Stock,$2.22,0.21,10.448%,31596625.00,China,,34822,Consumer Staples,Packaged Foods
PLG,Platinum Group Metals Ltd. Ordinary Shares (Canada),$1.35,-0.03,-2.174%,171214937.00,Canada,,815894,Basic Materials,Precious Metals
PLX,Protalix BioTherapeutics Inc. (DE) Common Stock,$2.33,-0.02,-0.851%,187731926.00,Israel,,500107,Health Care,Biotechnology: Biological Products (No Diagnostic Substances)
PMI,Picard Medical Inc. Common Stock,$0.1635,0.0076,4.875%,16790785.00,,2025,3101142,Health Care,Medical/Dental Instruments
POAS,Phaos Technology Holdings (Cayman) Limited Class A Ordinary Shares,$0.279,-0.001,-0.357%,8808588.00,,2025,554507,Industrials,Industrial Machinery/Components
PRK,Park National Corporation Common Stock,$182.99,0.98,0.538%,3311403326.00,United States,1994,67621,Finance,Major Banks
PTHS,Pelthos Therapeutics Inc. Common Stock,$28.26,0.71,2.577%,98221728.00,,2024,53001,Health Care,Biotechnology: Biological Products (No Diagnostic Substances)
PW,Power REIT (MD) Common Stock,$9.62,-0.26,-2.632%,3532724.00,United States,1998,6134,Real Estate,Real Estate Investment Trusts
PW^A,Power REIT 7.75% Series A Cumulative Perpetual Preferred Stock,$10.0499,0.0199,0.198%,,United States,,505,,
PZG,Paramount Gold Nevada Corp. Common Stock,$1.14,0.02,1.786%,97794194.00,United States,2015,208781,Basic Materials,Metal Mining
QNC,Quantum eMotion Corp. Common Shares,$3.12,0.04,1.299%,684433370.00,,2026,937710,,
RCG,RENN Fund Inc Common Stock,$2.9904,0.1604,5.668%,0.00,United States,,5855,Finance,Investment Managers
REA,Rare Earths Americas Inc. Common Stock,$15.28,1.00,7.003%,304183269.00,,2026,152370,Basic Materials,Metal Mining
REED,Reed's Inc. Common Stock,$1.27,-0.05,-3.788%,15058499.00,,2025,13320,Consumer Staples,Beverages (Production/Distribution)
REI,Ring Energy Inc. Common Stock,$1.08,-0.02,-1.818%,226161914.00,United States,,4942537,Energy,Oil & Gas Production
REPX,Riley Exploration Permian Inc. Common Stock,$32.96,-0.29,-0.872%,715098413.00,United States,1999,303316,Energy,Oil & Gas Production
RGNT,Regentis Biomaterials Ltd. Ordinary Shares,$3.53,-0.24,-6.366%,18283204.00,,2025,202153,Health Care,Biotechnology: Pharmaceutical Preparations
RLGT,Radiant Logistics Inc. Common Stock,$9.46,0.08,0.853%,443027560.00,United States,,155816,Industrials,Integrated Freight & Logistics
ROLR,High Roller Technologies Inc. Common Stock,$5.92,-0.15,-2.471%,64936403.00,,2024,141621,Consumer Discretionary,Services-Misc. Amusement & Recreation
RVP,Retractable Technologies Inc. Common Stock,$0.72,0.015,2.128%,21554754.00,United States,2001,63693,Health Care,Medical/Dental Instruments
RYDE,Ryde Group Ltd. Class A Ordinary Shares,$0.6413,0.0084,1.327%,106550909.00,,2024,10599,Consumer Discretionary,Business Services
SACH,Sachem Capital Corp. Common Shares,$0.9413,-0.0051,-0.539%,45140651.00,United States,2017,134948,Real Estate,Real Estate Investment Trusts
SACH^A,Sachem Capital Corp. 7.75% Series A Cumulative Redeemable Preferred Stock,$20.20,-0.03,-0.148%,,United States,,2054,,
SBEV,Splash Beverage Group Inc. (NV) Common Stock,$0.155,0.0109,7.564%,2385425.00,,2021,4629421,Consumer Staples,Beverages (Production/Distribution)
SBMT,Silver Bow Mining Corp. Common Shares,$6.76,0.16,2.424%,199612660.00,,2026,143826,Basic Materials,Precious Metals
SCCD,Sachem Capital Corp. 6.00% Notes due 2026,$24.68,0.085,0.346%,1168407668.00,United States,,544,Real Estate,Real Estate Investment Trusts
SCCE,Sachem Capital Corp. 6.00% Notes due 2027,$24.50,0.10,0.41%,1159886056.00,United States,2022,2845,Real Estate,Real Estate Investment Trusts
SCCF,Sachem Capital Corp. 7.125% Notes due 2027,$24.49,-0.01,-0.041%,1159412633.00,United States,2022,1106,Real Estate,Real Estate Investment Trusts
SCCG,Sachem Capital Corp. 8.00% Notes due 2027,$24.67,0.0699,0.284%,1167934245.00,United States,2022,2114,Real Estate,Real Estate Investment Trusts
SDEV,Stablecoin Development Corporation Common Stock,$1.05,0.00,0.00%,52972269.00,United States,,48230,Health Care,Biotechnology: Pharmaceutical Preparations
SEB,Seaboard Corporation Common Stock,$4464.33,-126.90,-2.764%,4275908488.00,United States,1996,4615,Industrials,Farming/Seeds/Milling
SER,Serina Therapeutics Inc. Common Stock,$1.94,-0.03,-1.523%,29095160.00,,2018,40391,Health Care,Biotechnology: Pharmaceutical Preparations
SIF,SIFCO Industries Inc. Common Stock,$23.40,1.51,6.898%,146346595.00,United States,1969,166155,Industrials,Aerospace
SIM,Grupo Simec S.A.B. de C.V. American Depositary Shares,$30.13,0.00,0.00%,4630025578.00,Mexico,1998,381,Industrials,Steel/Iron Ore
SLI,Standard Lithium Ltd. Common Shares,$2.75,-0.04,-1.434%,670054459.00,Canada,2021,2229390,Industrials,Major Chemicals
SLND,Southland Holdings Inc. Common Stock,$0.6637,-0.0677,-9.256%,35985072.00,United States,,173271,Industrials,Military/Government/Technical
SLSR,Solaris Resources Inc. Common Shares,$8.38,-0.02,-0.238%,1399756049.00,,2024,397293,,
SMJF,SMJ International Holdings Inc. Class A Ordinary Shares,$5.10,-0.10,-1.923%,127500000.00,,2025,115736,Consumer Discretionary,RETAIL: Building Materials
SOAR,Volato Group Inc. Class A Common Stock,$0.1622,-0.0172,-9.588%,5326158.00,,2022,10220481,Consumer Discretionary,Transportation Services
STRW,Strawberry Fields REIT Inc. Common Stock,$13.75,0.15,1.103%,184615888.00,United States,2023,57699,Real Estate,Real Estate Investment Trusts
STXS,Stereotaxis Inc. Common Stock,$1.72,-0.01,-0.578%,168107124.00,United States,,369358,Health Care,Biotechnology: Electromedical & Electrotherapeutic Apparatus
SVM,Silvercorp Metals Inc. Common Shares,$10.10,-0.82,-7.509%,2234145604.00,Canada,,4015774,Basic Materials,Precious Metals
SYNX,Silynxcom Ltd. Ordinary Shares,$1.03,0.00,0.00%,6833473.00,,2024,28777,Consumer Staples,Consumer Electronics/Appliances
TGB,Trekor Metals Limited Common Shares,$6.88,0.52,8.176%,2515556072.00,Canada,,6489271,Basic Materials,Precious Metals
TGEN,Tecogen Inc. Common Stock,$5.22,-0.01,-0.191%,156171709.00,United States,2025,137708,Industrials,Industrial Machinery/Components
THM,International Tower Hill Mines Ltd. Ordinary Shares (Canada),$1.99,-0.03,-1.485%,520658571.00,Canada,,2340249,Basic Materials,Metal Mining
TII,Titan Mining Corporation Common Shares,$2.19,0.08,3.791%,215250948.00,,2025,1815711,,
TMDE,TMD Energy Limited Ordinary Shares,$0.7688,-0.0399,-4.934%,18116772.00,,2025,182143,Energy,Oil Refining/Marketing
TMP,Tompkins Financial Corporation Common Stock,$94.52,0.89,0.951%,1359475583.00,United States,1997,76897,Finance,Major Banks
TMQ,Trilogy Metals Inc. Common Stock,$3.51,-0.03,-0.847%,605635193.00,Canada,,1057298,Basic Materials,Precious Metals
TOON,Kartoon Studios Inc. Common Stock,$0.71,-0.0274,-3.716%,41991199.00,United States,,567159,Consumer Discretionary,Movies/Entertainment
TOPP,Toppoint Holdings Inc. Common Stock,$1.06,0.01,0.952%,26182000.00,,2025,41939,Industrials,Trucking Freight/Courier Services
TOPS,TOP Ships Inc. Common Stock,$0.77,-0.005,-0.645%,4267086.00,Greece,,151384,Consumer Discretionary,Marine Transportation
TOVX,Theriva Biologics Inc. Common Stock,$0.2502,-0.0098,-3.769%,11482346.00,United States,,513424,Health Care,Biotechnology: Pharmaceutical Preparations
TPET,Trio Petroleum Corp. Common Stock,$0.3099,0.0089,2.957%,13718552.00,,2023,1126976,Energy,Oil & Gas Production
TRT,Trio-Tech International Common Stock,$12.32,0.59,5.03%,124587220.00,United States,1998,362553,Technology,Industrial Machinery/Components
TRX,TRX Gold Corporation Common Stock,$0.825,-0.0164,-1.949%,268893625.00,Canada,,843077,Basic Materials,Precious Metals
UAC,United Acquisition Corp. I Class A Ordinary Shares,$9.935,0.0163,0.164%,0.00,,2026,26414,Finance,Blank Checks
UAVS,AgEagle Aerial Systems Inc. Common Stock,$0.8913,0.0293,3.399%,52227613.00,United States,,939391,Industrials,Aerospace
UEC,Uranium Energy Corp. Common Stock,$10.66,-0.17,-1.57%,5275339422.00,Canada,,6259192,Basic Materials,Other Metals and Minerals
UMAC,Unusual Machines Inc. Common Stock,$22.30,3.07,15.965%,1065804483.00,United States,2024,9915736,Technology,Radio And Television Broadcasting And Communications Equipment
URG,Ur Energy Inc Common Shares (Canada),$1.36,0.04,3.03%,540371320.00,Canada,,7174118,Basic Materials,Precious Metals
USAS,Americas Gold and Silver Corporation Common Shares no par value,$4.72,0.03,0.64%,1543126398.00,Canada,2017,2701086,Basic Materials,Metal Mining
USBC,USBC Inc. Common Stock,$0.313,-0.014,-4.281%,121489206.00,,,169564,Industrials,Industrial Machinery/Components
UTG,Reaves Utility Income Fund Common Shares of Beneficial Interest,$40.72,-0.16,-0.391%,0.00,United States,2004,346809,Finance,Investment Managers
UUU,Universal Safety Products Inc. Common Stock,$4.59,0.018,0.394%,13900182.00,United States,2003,21074,Technology,Electronic Components
UUUU,Energy Fuels Inc Ordinary Shares (Canada),$14.50,-0.09,-0.617%,3623071500.00,Canada,,4874729,Industrials,Mining & Quarrying of Nonmetallic Minerals (No Fuels)
VENU,Venu Holding Corporation Common Stock,$2.27,-0.17,-6.967%,130483107.00,United States,2024,1336344,Consumer Discretionary,Services-Misc. Amusement & Recreation
VFL,abrdn National Municipal Income Fund Common Stock,$10.37,-0.01,-0.096%,0.00,United States,1993,57696,Finance,Finance/Investors Services
VGZ,Vista Gold Corp Common Stock,$1.91,0.03,1.596%,278805271.00,United States,1986,1325592,Basic Materials,Precious Metals
VIDA,VIDA Global Inc. Class A Common Stock,$2.80,-0.16,-5.405%,40832210.00,,2026,111066,Technology,Computer Software: Prepackaged Software
VKI,Invesco Advantage Municipal Income Trust II Common Shares of Beneficial Interest (DE),$9.48,-0.01,-0.105%,420969070.00,United States,1993,114262,Finance,Finance Companies
VNRX,VolitionRX Limited Common Stock,$1.35,-0.07,-4.93%,11646708.00,Singapore,2015,163437,Health Care,Biotechnology: In Vitro & In Vivo Diagnostic Substances
VNTG,Vantage Corp Class A Ordinary Shares,$0.62,-0.08,-11.429%,19677250.00,,2025,304007,Industrials,Integrated Freight & Logistics
VTAK,Catheter Precision Inc. Common Stock,$0.849,-0.126,-12.923%,2285910.00,,2018,741623,Health Care,Medical/Dental Instruments
VZLA,Vizsla Silver Corp. Common Shares,$3.30,0.03,0.917%,1153346156.00,Canada,2024,3501264,Basic Materials,Precious Metals
WRN,Western Copper and Gold Corporation Common Stock,$2.24,0.02,0.901%,505418928.00,Canada,2011,1476414,Basic Materials,Metal Mining
WWR,Westwater Resources Inc. Common Stock,$0.505,0.003,0.598%,64199995.00,United States,,745988,Basic Materials,Metal Mining
WYY,WidePoint Corporation Common Stock,$17.50,0.71,4.229%,173025668.00,United States,,269743,Technology,EDP Services
XPL,Solitario Resources Corp. Common Stock,$0.7524,-0.0056,-0.739%,70024171.00,United States,,145765,Basic Materials,Precious Metals
XTNT,Xtant Medical Holdings Inc. Common Stock,$0.421,-0.0049,-1.151%,59050706.00,United States,,32209,Health Care,Biotechnology: Biological Products (No Diagnostic Substances)
YCBD,cbdMD Inc. Common Stock,$0.673,-0.027,-3.857%,7065099.00,United States,2017,122982,Consumer Discretionary,Package Goods/Cosmetics
ZDGE,Zedge Inc. Class B Common Stock ,$3.10,-0.02,-0.641%,40512756.00,,2016,122021,Technology,Computer Software: Prepackaged Software
ZONE,CleanCore Solutions Inc. Class B Common Stock,$0.82,0.0108,1.335%,183002563.00,,2024,1065251,Industrials,Industrial Machinery/Components
